rank,page,density_score,source_bytes,wxml_bytes,section_count,card_count,visible_literal_chars,text_node_count,longest_text_node_chars,title_explanation_count,button_count,tappable_view_count,action_count,unique_handler_count,chart_count,metric_count,recommendation_hits,risk_hits,boundary_hits,status_hits,terminology_burden,repetition_count,conditional_count,decision_load,api_call_count,text_density,action_density,visual_density,terminology,repetition,decision_load_score
1,pages/relationship-growth/index,74.7,39918,12601,0,10,685,61,96,31,14,0,14,15,1,7,4,0,1,28,3,1,26,33,2,95.8,91.2,38.3,75.0,29.2,90.6
2,pages/settings-detail/index,63.2,30442,10987,4,9,733,49,53,26,14,0,16,13,0,0,0,2,1,20,2,0,32,29,4,76.3,90.4,23.8,50.0,12.5,93.9
3,pages/therapeutic-assessment/index,55.3,21076,8579,0,11,784,53,60,31,12,0,12,12,0,0,2,5,3,12,1,0,21,26,15,83.1,75.3,13.8,25.0,37.5,72.2
4,pages/home/index,49.9,35062,7821,5,5,461,49,46,15,13,0,17,11,0,6,4,2,1,15,0,0,6,32,6,62.3,86.7,36.9,0.0,12.5,57.9
5,pages/growth-dashboard/index,46.3,19875,8573,5,10,315,32,36,16,5,0,8,7,0,6,0,2,1,21,3,0,17,15,1,43.4,46.9,43.1,75.0,12.5,49.3
6,pages/relationship-report/index,43.5,20574,6617,8,12,327,32,41,12,4,0,5,3,1,0,1,0,1,7,4,0,11,9,4,45.6,24.7,48.3,100.0,12.5,30.8
7,pages/assessment-result/index,42.0,45199,8716,5,5,284,23,94,9,2,0,2,2,3,2,3,0,0,2,1,2,32,7,4,57.3,12.5,51.9,25.0,33.3,60.6
8,pages/profile/index,38.5,23065,6790,5,5,359,33,46,13,12,0,12,8,0,0,1,6,3,11,0,0,7,21,6,49.3,62.0,21.9,0.0,37.5,42.8
9,pages/feedback-result/index,38.2,22833,6251,7,8,475,38,48,19,5,0,6,5,0,2,3,2,4,6,0,0,11,14,3,57.6,34.3,36.9,0.0,50.0,38.4
10,pages/program-detail/index,37.1,22648,7726,0,12,342,35,34,14,4,0,4,10,0,0,0,0,0,9,2,0,19,14,2,45.5,45.1,15.0,50.0,0.0,50.9
11,pages/thermometer/index,36.6,21539,6390,0,6,220,35,22,7,7,1,8,12,1,3,0,0,0,13,0,3,7,20,0,36.1,63.5,23.3,0.0,50.0,41.2
12,pages/weekly-report/index,36.0,19987,8065,6,20,419,43,45,17,3,0,3,2,0,10,2,1,0,26,0,0,15,7,1,56.9,15.5,68.8,0.0,0.0,34.0
13,pages/diary-form/index,33.9,20232,8110,4,1,539,37,45,25,6,0,6,9,0,0,1,0,1,4,0,1,5,16,1,58.8,47.6,13.8,0.0,29.2,32.1
14,pages/personalized-plan/index,33.2,19519,7878,0,7,308,31,28,12,9,0,9,9,0,4,2,0,0,5,0,0,15,20,0,39.8,56.5,18.8,0.0,0.0,53.7
15,pages/training/index,30.9,25336,6523,2,7,314,34,39,14,8,0,8,7,0,0,3,0,0,3,0,0,13,18,2,45.5,46.9,15.0,0.0,0.0,47.6
16,pages/course-detail/index,25.3,12915,4866,8,10,203,26,31,7,4,0,4,4,0,2,0,0,0,8,0,0,7,8,3,33.6,25.1,42.5,0.0,0.0,23.1
17,pages/relationship-task/index,25.2,19444,3573,1,4,212,18,38,8,5,0,5,8,1,1,0,0,1,1,0,0,5,13,2,32.0,41.4,19.0,0.0,12.5,27.5
18,pages/relationship-pilot/index,25.1,15143,3676,0,7,315,17,45,13,3,0,4,5,0,0,0,0,2,7,1,0,5,9,5,38.3,28.4,8.8,25.0,25.0,21.4
19,pages/assessment/index,24.6,21126,3974,5,4,148,14,35,7,4,2,6,7,0,0,0,0,0,7,0,1,6,13,3,26.1,41.0,20.6,0.0,16.7,29.1
20,pages/login/index,24.3,14646,3256,0,1,232,24,35,8,5,0,5,9,0,0,0,0,1,1,0,0,9,14,5,35.1,44.7,1.2,0.0,12.5,35.3
21,pages/task-detail/index,24.1,17691,3283,5,5,195,23,35,8,4,0,4,6,0,3,1,1,1,4,0,0,1,11,0,33.0,31.8,29.4,0.0,12.5,18.2
22,pages/hot-topics/index,22.2,14245,3636,7,7,211,16,59,7,4,0,4,4,0,0,0,2,0,0,0,0,0,8,0,38.2,25.1,30.6,0.0,0.0,12.1
23,pages/training-history/index,22.2,10152,2882,0,4,153,16,41,7,6,0,6,5,0,1,1,0,0,14,0,1,10,12,1,29.5,34.3,7.5,0.0,16.7,33.8
24,pages/therapeutic-assessment-action-followup/index,20.9,7854,2874,0,2,175,19,34,4,7,0,7,6,0,0,0,0,1,9,0,0,4,13,3,29.6,40.6,2.5,0.0,12.5,25.9
25,pages/checkin/index,20.2,13091,3476,0,2,246,18,51,10,3,0,3,7,0,1,0,0,0,7,0,0,5,10,1,38.0,32.2,5.0,0.0,0.0,23.0
26,pages/supervision/index,18.5,13340,3558,0,2,316,16,55,10,3,0,3,4,0,0,1,9,1,6,0,0,3,8,3,41.3,22.2,2.5,0.0,12.5,16.8
27,pages/training-card/index,18.2,18020,4068,0,4,137,16,36,7,2,0,4,4,0,0,4,0,0,5,0,0,11,12,3,27.1,25.1,5.0,0.0,0.0,35.4
28,pages/support-assistant/index,18.0,9551,2892,0,3,125,13,26,6,2,0,3,4,0,1,1,1,3,5,0,0,9,8,4,21.4,22.2,6.2,0.0,37.5,26.2
29,pages/goal-setting/index,17.6,9872,3365,0,5,241,18,38,13,4,0,4,5,0,0,0,0,0,1,0,0,2,9,1,33.3,28.4,6.2,0.0,0.0,16.8
30,pages/getting-started/index,17.3,8452,2483,0,6,225,15,66,8,2,0,2,2,0,0,0,0,1,4,0,1,1,4,0,40.7,12.5,7.5,0.0,29.2,7.6
31,pages/assessment-history/index,17.2,8344,2432,0,3,128,13,39,6,4,0,4,4,0,1,0,0,1,12,0,0,7,8,1,26.1,25.1,6.2,0.0,12.5,23.1
32,pages/course/index,16.9,8055,2686,7,5,155,13,36,6,2,0,2,2,0,1,0,0,0,3,0,0,4,4,1,26.2,12.5,30.6,0.0,0.0,12.3
33,pages/emergency-guide/index,16.7,4268,1745,3,2,166,11,56,6,2,0,2,2,0,2,0,8,2,1,0,0,0,4,0,32.5,12.5,16.9,0.0,25.0,6.1
34,pages/register/index,16.3,4859,1401,0,1,84,12,33,5,2,0,2,6,0,1,0,0,0,0,1,0,1,8,1,21.6,25.9,3.8,25.0,0.0,13.7
35,pages/program-list/index,16.2,5324,2155,0,1,100,9,24,6,0,1,2,2,0,2,0,0,0,5,2,0,5,4,0,17.5,12.5,6.2,50.0,0.0,13.9
36,pages/assessment-detail/index,16.1,17690,3129,0,3,91,7,32,4,2,1,3,4,0,2,1,0,1,2,0,0,10,8,3,18.8,22.2,8.8,0.0,12.5,27.7
37,pages/message-detail/index,15.8,6084,1911,2,2,85,5,60,2,2,0,3,3,0,0,0,5,1,4,0,0,5,6,2,27.2,18.8,8.8,0.0,12.5,16.9
38,pages/messages/index,13.0,6799,2393,1,2,100,9,26,4,2,0,3,3,0,0,0,1,1,2,0,0,5,6,1,18.2,18.8,5.6,0.0,12.5,16.9
39,pages/relationship-narrative/index,10.2,3826,1877,0,6,58,10,10,3,0,0,1,1,0,0,1,0,0,2,1,0,4,3,1,11.4,6.3,7.5,25.0,0.0,10.8
40,pages/emergency-resources/index,10.1,3365,1093,1,3,116,6,48,3,1,0,1,1,0,0,0,5,1,0,0,0,0,2,0,24.9,6.3,6.9,0.0,12.5,3.0
41,pages/therapeutic-assessment-action-review/index,0.9,1031,733,0,0,0,0,0,0,0,0,0,1,0,0,0,0,0,0,0,0,0,1,0,0.0,3.3,0.0,0.0,0.0,1.5
42,pages/therapeutic-assessment-boundary/index,0.9,963,670,0,0,0,0,0,0,0,0,0,1,0,0,0,0,0,0,0,0,0,1,0,0.0,3.3,0.0,0.0,0.0,1.5
43,pages/therapeutic-assessment-feedback-check/index,0.9,1086,790,0,0,0,0,0,0,0,0,0,1,0,0,0,0,0,0,0,0,0,1,0,0.0,3.3,0.0,0.0,0.0,1.5
44,pages/therapeutic-assessment-issue/index,0.9,957,670,0,0,0,0,0,0,0,0,0,1,0,0,0,0,0,0,0,0,0,1,0,0.0,3.3,0.0,0.0,0.0,1.5
45,pages/therapeutic-assessment-recent-event/index,0.9,970,670,0,0,0,0,0,0,0,0,0,1,0,0,0,0,0,0,0,0,0,1,0,0.0,3.3,0.0,0.0,0.0,1.5
46,pages/therapeutic-assessment-resources/index,0.9,964,670,0,0,0,0,0,0,0,0,0,1,0,0,0,0,0,0,0,0,0,1,0,0.0,3.3,0.0,0.0,0.0,1.5
47,pages/therapeutic-assessment-sharing/index,0.9,962,670,0,0,0,0,0,0,0,0,0,1,0,0,0,0,0,0,0,0,0,1,0,0.0,3.3,0.0,0.0,0.0,1.5
48,pages/therapeutic-assessment-summary/index,0.9,962,670,0,0,0,0,0,0,0,0,0,1,0,0,0,0,0,0,0,0,0,1,0,0.0,3.3,0.0,0.0,0.0,1.5
