page,term,count
pages/assessment-result/index,feature,6
pages/growth-dashboard/index,研究,4
pages/relationship-report/index,研究,4
pages/messages/index,研究,3
pages/profile/index,研究,3
pages/relationship-growth/index,研究,3
pages/relationship-narrative/index,研究,3
pages/message-detail/index,研究,2
pages/program-detail/index,研究,2
pages/program-list/index,研究,2
pages/settings-detail/index,研究,2
pages/assessment-result/index,cluster_id,1
pages/assessment-result/index,匹配清晰度,1
pages/assessment-result/index,样本,1
pages/course/index,PCA,1
pages/feedback-result/index,PCA,1
pages/hot-topics/index,PCA,1
pages/personalized-plan/index,研究,1
pages/register/index,研究,1
pages/relationship-pilot/index,研究,1
pages/relationship-report/index,样本,1
pages/relationship-report/index,模型,1
pages/relationship-task/index,PCA,1
pages/therapeutic-assessment/index,研究,1
pages/training/index,PCA,1
